book	chapter	max
01-GEN	1	31
01-GEN	2	25
01-GEN	3	24
01-GEN	4	26
01-GEN	5	32
01-GEN	6	22
01-GEN	7	24
01-GEN	8	22
01-GEN	9	29
01-GEN	10	32
01-GEN	11	32
01-GEN	12	20
01-GEN	13	18
01-GEN	14	24
01-GEN	15	21
01-GEN	16	16
01-GEN	17	27
01-GEN	18	33
01-GEN	19	38
01-GEN	20	18
01-GEN	21	34
01-GEN	22	24
01-GEN	23	20
01-GEN	24	67
01-GEN	25	34
01-GEN	26	35
01-GEN	27	46
01-GEN	28	22
01-GEN	29	35
01-GEN	30	43
01-GEN	31	55
01-GEN	32	32
01-GEN	33	20
01-GEN	34	31
01-GEN	35	29
01-GEN	36	43
01-GEN	37	36
01-GEN	38	30
01-GEN	39	23
01-GEN	40	23
01-GEN	41	57
01-GEN	42	38
01-GEN	43	34
01-GEN	44	34
01-GEN	45	28
01-GEN	46	34
01-GEN	47	31
01-GEN	48	22
01-GEN	49	33
01-GEN	50	26
02-EXO	1	22
02-EXO	2	25
02-EXO	3	22
02-EXO	4	31
02-EXO	5	23
02-EXO	6	30
02-EXO	7	25
02-EXO	8	32
02-EXO	9	35
02-EXO	10	29
02-EXO	11	10
02-EXO	12	51
02-EXO	13	22
02-EXO	14	31
02-EXO	15	27
02-EXO	16	36
02-EXO	17	16
02-EXO	18	27
02-EXO	19	25
02-EXO	20	26
02-EXO	21	36
02-EXO	22	31
02-EXO	23	33
02-EXO	24	18
02-EXO	25	40
02-EXO	26	37
02-EXO	27	21
02-EXO	28	43
02-EXO	29	46
02-EXO	30	38
02-EXO	31	18
02-EXO	32	35
02-EXO	33	23
02-EXO	34	35
02-EXO	35	35
02-EXO	36	38
02-EXO	37	29
02-EXO	38	31
02-EXO	39	43
02-EXO	40	38
03-LEV	1	17
03-LEV	2	16
03-LEV	3	17
03-LEV	4	35
03-LEV	5	19
03-LEV	6	30
03-LEV	7	38
03-LEV	8	36
03-LEV	9	24
03-LEV	10	20
03-LEV	11	47
03-LEV	12	8
03-LEV	13	59
03-LEV	14	57
03-LEV	15	33
03-LEV	16	34
03-LEV	17	16
03-LEV	18	30
03-LEV	19	37
03-LEV	20	27
03-LEV	21	24
03-LEV	22	33
03-LEV	23	44
03-LEV	24	23
03-LEV	25	55
03-LEV	26	46
03-LEV	27	34
04-NUM	1	54
04-NUM	2	34
04-NUM	3	51
04-NUM	4	49
04-NUM	5	31
04-NUM	6	27
04-NUM	7	89
04-NUM	8	26
04-NUM	9	23
04-NUM	10	36
04-NUM	11	35
04-NUM	12	16
04-NUM	13	33
04-NUM	14	45
04-NUM	15	41
04-NUM	16	50
04-NUM	17	13
04-NUM	18	32
04-NUM	19	22
04-NUM	20	29
04-NUM	21	35
04-NUM	22	41
04-NUM	23	30
04-NUM	24	25
04-NUM	25	18
04-NUM	26	65
04-NUM	27	23
04-NUM	28	31
04-NUM	29	40
04-NUM	30	16
04-NUM	31	54
04-NUM	32	42
04-NUM	33	56
04-NUM	34	29
04-NUM	35	34
04-NUM	36	13
05-DEU	1	46
05-DEU	2	37
05-DEU	3	29
05-DEU	4	49
05-DEU	5	33
05-DEU	6	25
05-DEU	7	26
05-DEU	8	20
05-DEU	9	29
05-DEU	10	22
05-DEU	11	32
05-DEU	12	32
05-DEU	13	18
05-DEU	14	29
05-DEU	15	23
05-DEU	16	22
05-DEU	17	20
05-DEU	18	22
05-DEU	19	21
05-DEU	20	20
05-DEU	21	23
05-DEU	22	30
05-DEU	23	25
05-DEU	24	22
05-DEU	25	19
05-DEU	26	19
05-DEU	27	26
05-DEU	28	68
05-DEU	29	29
05-DEU	30	20
05-DEU	31	30
05-DEU	32	52
05-DEU	33	29
05-DEU	34	12
06-JOS	1	18
06-JOS	2	24
06-JOS	3	17
06-JOS	4	24
06-JOS	5	15
06-JOS	6	27
06-JOS	7	26
06-JOS	8	35
06-JOS	9	27
06-JOS	10	43
06-JOS	11	23
06-JOS	12	24
06-JOS	13	33
06-JOS	14	15
06-JOS	15	63
06-JOS	16	10
06-JOS	17	18
06-JOS	18	28
06-JOS	19	51
06-JOS	20	9
06-JOS	21	45
06-JOS	22	34
06-JOS	23	16
06-JOS	24	33
07-JDG	1	36
07-JDG	2	23
07-JDG	3	31
07-JDG	4	24
07-JDG	5	31
07-JDG	6	40
07-JDG	7	25
07-JDG	8	35
07-JDG	9	57
07-JDG	10	18
07-JDG	11	40
07-JDG	12	15
07-JDG	13	25
07-JDG	14	20
07-JDG	15	20
07-JDG	16	31
07-JDG	17	13
07-JDG	18	31
07-JDG	19	30
07-JDG	20	48
07-JDG	21	25
08-RUT	1	22
08-RUT	2	23
08-RUT	3	18
08-RUT	4	22
09-1SA	1	28
09-1SA	2	36
09-1SA	3	21
09-1SA	4	22
09-1SA	5	12
09-1SA	6	21
09-1SA	7	17
09-1SA	8	22
09-1SA	9	27
09-1SA	10	27
09-1SA	11	15
09-1SA	12	25
09-1SA	13	23
09-1SA	14	52
09-1SA	15	35
09-1SA	16	23
09-1SA	17	58
09-1SA	18	30
09-1SA	19	24
09-1SA	20	42
09-1SA	21	15
09-1SA	22	23
09-1SA	23	29
09-1SA	24	22
09-1SA	25	44
09-1SA	26	25
09-1SA	27	12
09-1SA	28	25
09-1SA	29	11
09-1SA	30	31
09-1SA	31	13
10-2SA	1	27
10-2SA	2	32
10-2SA	3	39
10-2SA	4	12
10-2SA	5	25
10-2SA	6	23
10-2SA	7	29
10-2SA	8	18
10-2SA	9	13
10-2SA	10	19
10-2SA	11	27
10-2SA	12	31
10-2SA	13	39
10-2SA	14	33
10-2SA	15	37
10-2SA	16	23
10-2SA	17	29
10-2SA	18	33
10-2SA	19	43
10-2SA	20	26
10-2SA	21	22
10-2SA	22	51
10-2SA	23	39
10-2SA	24	25
11-1KI	1	53
11-1KI	2	46
11-1KI	3	28
11-1KI	4	34
11-1KI	5	18
11-1KI	6	38
11-1KI	7	51
11-1KI	8	66
11-1KI	9	28
11-1KI	10	29
11-1KI	11	43
11-1KI	12	33
11-1KI	13	34
11-1KI	14	31
11-1KI	15	34
11-1KI	16	34
11-1KI	17	24
11-1KI	18	46
11-1KI	19	21
11-1KI	20	43
11-1KI	21	29
11-1KI	22	53
12-2KI	1	18
12-2KI	2	25
12-2KI	3	27
12-2KI	4	44
12-2KI	5	27
12-2KI	6	33
12-2KI	7	20
12-2KI	8	29
12-2KI	9	37
12-2KI	10	36
12-2KI	11	21
12-2KI	12	21
12-2KI	13	25
12-2KI	14	29
12-2KI	15	38
12-2KI	16	20
12-2KI	17	41
12-2KI	18	37
12-2KI	19	37
12-2KI	20	21
12-2KI	21	26
12-2KI	22	20
12-2KI	23	37
12-2KI	24	20
12-2KI	25	30
13-1CH	1	54
13-1CH	2	55
13-1CH	3	24
13-1CH	4	43
13-1CH	5	26
13-1CH	6	81
13-1CH	7	40
13-1CH	8	40
13-1CH	9	44
13-1CH	10	14
13-1CH	11	47
13-1CH	12	40
13-1CH	13	14
13-1CH	14	17
13-1CH	15	29
13-1CH	16	43
13-1CH	17	27
13-1CH	18	17
13-1CH	19	19
13-1CH	20	8
13-1CH	21	30
13-1CH	22	19
13-1CH	23	32
13-1CH	24	31
13-1CH	25	31
13-1CH	26	32
13-1CH	27	34
13-1CH	28	21
13-1CH	29	30
14-2CH	1	17
14-2CH	2	18
14-2CH	3	17
14-2CH	4	22
14-2CH	5	14
14-2CH	6	42
14-2CH	7	22
14-2CH	8	18
14-2CH	9	31
14-2CH	10	19
14-2CH	11	23
14-2CH	12	16
14-2CH	13	22
14-2CH	14	15
14-2CH	15	19
14-2CH	16	14
14-2CH	17	19
14-2CH	18	34
14-2CH	19	11
14-2CH	20	37
14-2CH	21	20
14-2CH	22	12
14-2CH	23	21
14-2CH	24	27
14-2CH	25	28
14-2CH	26	23
14-2CH	27	9
14-2CH	28	27
14-2CH	29	36
14-2CH	30	27
14-2CH	31	21
14-2CH	32	33
14-2CH	33	25
14-2CH	34	33
14-2CH	35	27
14-2CH	36	23
15-EZR	1	11
15-EZR	2	70
15-EZR	3	13
15-EZR	4	24
15-EZR	5	17
15-EZR	6	22
15-EZR	7	28
15-EZR	8	36
15-EZR	9	15
15-EZR	10	44
16-NEH	1	11
16-NEH	2	20
16-NEH	3	32
16-NEH	4	23
16-NEH	5	19
16-NEH	6	19
16-NEH	7	73
16-NEH	8	18
16-NEH	9	38
16-NEH	10	39
16-NEH	11	36
16-NEH	12	47
16-NEH	13	31
17-EST	1	22
17-EST	2	23
17-EST	3	15
17-EST	4	17
17-EST	5	14
17-EST	6	14
17-EST	7	10
17-EST	8	17
17-EST	9	32
17-EST	10	3
18-JOB	1	22
18-JOB	2	13
18-JOB	3	26
18-JOB	4	21
18-JOB	5	27
18-JOB	6	30
18-JOB	7	21
18-JOB	8	22
18-JOB	9	35
18-JOB	10	22
18-JOB	11	20
18-JOB	12	25
18-JOB	13	28
18-JOB	14	22
18-JOB	15	35
18-JOB	16	22
18-JOB	17	16
18-JOB	18	21
18-JOB	19	29
18-JOB	20	29
18-JOB	21	34
18-JOB	22	30
18-JOB	23	17
18-JOB	24	25
18-JOB	25	6
18-JOB	26	14
18-JOB	27	23
18-JOB	28	28
18-JOB	29	25
18-JOB	30	31
18-JOB	31	40
18-JOB	32	22
18-JOB	33	33
18-JOB	34	37
18-JOB	35	16
18-JOB	36	33
18-JOB	37	24
18-JOB	38	41
18-JOB	39	30
18-JOB	40	24
18-JOB	41	34
18-JOB	42	17
19-PSA	1	6
19-PSA	2	12
19-PSA	3	8
19-PSA	4	8
19-PSA	5	12
19-PSA	6	10
19-PSA	7	17
19-PSA	8	9
19-PSA	9	20
19-PSA	10	18
19-PSA	11	7
19-PSA	12	8
19-PSA	13	6
19-PSA	14	7
19-PSA	15	5
19-PSA	16	11
19-PSA	17	15
19-PSA	18	50
19-PSA	19	14
19-PSA	20	9
19-PSA	21	13
19-PSA	22	31
19-PSA	23	6
19-PSA	24	10
19-PSA	25	22
19-PSA	26	12
19-PSA	27	14
19-PSA	28	9
19-PSA	29	11
19-PSA	30	12
19-PSA	31	24
19-PSA	32	11
19-PSA	33	22
19-PSA	34	22
19-PSA	35	28
19-PSA	36	12
19-PSA	37	40
19-PSA	38	22
19-PSA	39	13
19-PSA	40	17
19-PSA	41	13
19-PSA	42	11
19-PSA	43	5
19-PSA	44	26
19-PSA	45	17
19-PSA	46	11
19-PSA	47	9
19-PSA	48	14
19-PSA	49	20
19-PSA	50	23
19-PSA	51	19
19-PSA	52	9
19-PSA	53	6
19-PSA	54	7
19-PSA	55	23
19-PSA	56	13
19-PSA	57	11
19-PSA	58	11
19-PSA	59	17
19-PSA	60	12
19-PSA	61	8
19-PSA	62	12
19-PSA	63	11
19-PSA	64	10
19-PSA	65	13
19-PSA	66	20
19-PSA	67	7
19-PSA	68	35
19-PSA	69	36
19-PSA	70	5
19-PSA	71	24
19-PSA	72	20
19-PSA	73	28
19-PSA	74	23
19-PSA	75	10
19-PSA	76	12
19-PSA	77	20
19-PSA	78	72
19-PSA	79	13
19-PSA	80	19
19-PSA	81	16
19-PSA	82	8
19-PSA	83	18
19-PSA	84	12
19-PSA	85	13
19-PSA	86	17
19-PSA	87	7
19-PSA	88	18
19-PSA	89	52
19-PSA	90	17
19-PSA	91	16
19-PSA	92	15
19-PSA	93	5
19-PSA	94	23
19-PSA	95	11
19-PSA	96	13
19-PSA	97	12
19-PSA	98	9
19-PSA	99	9
19-PSA	100	5
19-PSA	101	8
19-PSA	102	28
19-PSA	103	22
19-PSA	104	35
19-PSA	105	45
19-PSA	106	48
19-PSA	107	43
19-PSA	108	13
19-PSA	109	31
19-PSA	110	7
19-PSA	111	10
19-PSA	112	10
19-PSA	113	9
19-PSA	114	8
19-PSA	115	18
19-PSA	116	19
19-PSA	117	2
19-PSA	118	29
19-PSA	119	176
19-PSA	120	7
19-PSA	121	8
19-PSA	122	9
19-PSA	123	4
19-PSA	124	8
19-PSA	125	5
19-PSA	126	6
19-PSA	127	5
19-PSA	128	6
19-PSA	129	8
19-PSA	130	8
19-PSA	131	3
19-PSA	132	18
19-PSA	133	3
19-PSA	134	3
19-PSA	135	21
19-PSA	136	26
19-PSA	137	9
19-PSA	138	8
19-PSA	139	24
19-PSA	140	13
19-PSA	141	10
19-PSA	142	7
19-PSA	143	12
19-PSA	144	15
19-PSA	145	21
19-PSA	146	10
19-PSA	147	20
19-PSA	148	14
19-PSA	149	9
19-PSA	150	6
20-PRO	1	33
20-PRO	2	22
20-PRO	3	35
20-PRO	4	27
20-PRO	5	23
20-PRO	6	35
20-PRO	7	27
20-PRO	8	36
20-PRO	9	18
20-PRO	10	32
20-PRO	11	31
20-PRO	12	28
20-PRO	13	25
20-PRO	14	35
20-PRO	15	33
20-PRO	16	33
20-PRO	17	28
20-PRO	18	24
20-PRO	19	29
20-PRO	20	30
20-PRO	21	31
20-PRO	22	29
20-PRO	23	35
20-PRO	24	34
20-PRO	25	28
20-PRO	26	28
20-PRO	27	27
20-PRO	28	28
20-PRO	29	27
20-PRO	30	33
20-PRO	31	31
21-ECC	1	18
21-ECC	2	26
21-ECC	3	22
21-ECC	4	16
21-ECC	5	20
21-ECC	6	12
21-ECC	7	29
21-ECC	8	17
21-ECC	9	18
21-ECC	10	20
21-ECC	11	10
21-ECC	12	14
22-SNG	1	17
22-SNG	2	17
22-SNG	3	11
22-SNG	4	16
22-SNG	5	16
22-SNG	6	13
22-SNG	7	13
22-SNG	8	14
23-ISA	1	31
23-ISA	2	22
23-ISA	3	26
23-ISA	4	6
23-ISA	5	30
23-ISA	6	13
23-ISA	7	25
23-ISA	8	22
23-ISA	9	21
23-ISA	10	34
23-ISA	11	16
23-ISA	12	6
23-ISA	13	22
23-ISA	14	32
23-ISA	15	9
23-ISA	16	14
23-ISA	17	14
23-ISA	18	7
23-ISA	19	25
23-ISA	20	6
23-ISA	21	17
23-ISA	22	25
23-ISA	23	18
23-ISA	24	23
23-ISA	25	12
23-ISA	26	21
23-ISA	27	13
23-ISA	28	29
23-ISA	29	24
23-ISA	30	33
23-ISA	31	9
23-ISA	32	20
23-ISA	33	24
23-ISA	34	17
23-ISA	35	10
23-ISA	36	22
23-ISA	37	38
23-ISA	38	22
23-ISA	39	8
23-ISA	40	31
23-ISA	41	29
23-ISA	42	25
23-ISA	43	28
23-ISA	44	28
23-ISA	45	25
23-ISA	46	13
23-ISA	47	15
23-ISA	48	22
23-ISA	49	26
23-ISA	50	11
23-ISA	51	23
23-ISA	52	15
23-ISA	53	12
23-ISA	54	17
23-ISA	55	13
23-ISA	56	12
23-ISA	57	21
23-ISA	58	14
23-ISA	59	21
23-ISA	60	22
23-ISA	61	11
23-ISA	62	12
23-ISA	63	19
23-ISA	64	12
23-ISA	65	25
23-ISA	66	24
24-JER	1	19
24-JER	2	37
24-JER	3	25
24-JER	4	31
24-JER	5	31
24-JER	6	30
24-JER	7	34
24-JER	8	22
24-JER	9	26
24-JER	10	25
24-JER	11	23
24-JER	12	17
24-JER	13	27
24-JER	14	22
24-JER	15	21
24-JER	16	21
24-JER	17	27
24-JER	18	23
24-JER	19	15
24-JER	20	18
24-JER	21	14
24-JER	22	30
24-JER	23	40
24-JER	24	10
24-JER	25	38
24-JER	26	24
24-JER	27	22
24-JER	28	17
24-JER	29	32
24-JER	30	24
24-JER	31	40
24-JER	32	44
24-JER	33	26
24-JER	34	22
24-JER	35	19
24-JER	36	32
24-JER	37	21
24-JER	38	28
24-JER	39	18
24-JER	40	16
24-JER	41	18
24-JER	42	22
24-JER	43	13
24-JER	44	30
24-JER	45	5
24-JER	46	28
24-JER	47	7
24-JER	48	47
24-JER	49	39
24-JER	50	46
24-JER	51	64
24-JER	52	34
25-LAM	1	22
25-LAM	2	22
25-LAM	3	66
25-LAM	4	22
25-LAM	5	22
26-EZK	1	28
26-EZK	2	10
26-EZK	3	27
26-EZK	4	17
26-EZK	5	17
26-EZK	6	14
26-EZK	7	27
26-EZK	8	18
26-EZK	9	11
26-EZK	10	22
26-EZK	11	25
26-EZK	12	28
26-EZK	13	23
26-EZK	14	23
26-EZK	15	8
26-EZK	16	63
26-EZK	17	24
26-EZK	18	32
26-EZK	19	14
26-EZK	20	49
26-EZK	21	32
26-EZK	22	31
26-EZK	23	49
26-EZK	24	27
26-EZK	25	17
26-EZK	26	21
26-EZK	27	36
26-EZK	28	26
26-EZK	29	21
26-EZK	30	26
26-EZK	31	18
26-EZK	32	32
26-EZK	33	33
26-EZK	34	31
26-EZK	35	15
26-EZK	36	38
26-EZK	37	28
26-EZK	38	23
26-EZK	39	29
26-EZK	40	49
26-EZK	41	26
26-EZK	42	20
26-EZK	43	27
26-EZK	44	31
26-EZK	45	25
26-EZK	46	24
26-EZK	47	23
26-EZK	48	35
27-DAN	1	21
27-DAN	2	49
27-DAN	3	30
27-DAN	4	37
27-DAN	5	31
27-DAN	6	28
27-DAN	7	28
27-DAN	8	27
27-DAN	9	27
27-DAN	10	21
27-DAN	11	45
27-DAN	12	13
28-HOS	1	11
28-HOS	2	23
28-HOS	3	5
28-HOS	4	19
28-HOS	5	15
28-HOS	6	11
28-HOS	7	16
28-HOS	8	14
28-HOS	9	17
28-HOS	10	15
28-HOS	11	12
28-HOS	12	14
28-HOS	13	16
28-HOS	14	9
29-JOL	1	20
29-JOL	2	32
29-JOL	3	21
30-AMO	1	15
30-AMO	2	16
30-AMO	3	15
30-AMO	4	13
30-AMO	5	27
30-AMO	6	14
30-AMO	7	17
30-AMO	8	14
30-AMO	9	15
31-OBA	1	21
32-JON	1	17
32-JON	2	10
32-JON	3	10
32-JON	4	11
33-MIC	1	16
33-MIC	2	13
33-MIC	3	12
33-MIC	4	13
33-MIC	5	15
33-MIC	6	16
33-MIC	7	20
34-NAM	1	15
34-NAM	2	13
34-NAM	3	19
35-HAB	1	17
35-HAB	2	20
35-HAB	3	19
36-ZEP	1	18
36-ZEP	2	15
36-ZEP	3	20
37-HAG	1	15
37-HAG	2	23
38-ZEC	1	21
38-ZEC	2	13
38-ZEC	3	10
38-ZEC	4	14
38-ZEC	5	11
38-ZEC	6	15
38-ZEC	7	14
38-ZEC	8	23
38-ZEC	9	17
38-ZEC	10	12
38-ZEC	11	17
38-ZEC	12	14
38-ZEC	13	9
38-ZEC	14	21
39-MAL	1	14
39-MAL	2	17
39-MAL	3	18
39-MAL	4	6
41-MAT	1	25
41-MAT	2	23
41-MAT	3	17
41-MAT	4	25
41-MAT	5	48
41-MAT	6	34
41-MAT	7	29
41-MAT	8	34
41-MAT	9	38
41-MAT	10	42
41-MAT	11	30
41-MAT	12	50
41-MAT	13	58
41-MAT	14	36
41-MAT	15	39
41-MAT	16	28
41-MAT	17	27
41-MAT	18	35
41-MAT	19	30
41-MAT	20	34
41-MAT	21	46
41-MAT	22	46
41-MAT	23	39
41-MAT	24	51
41-MAT	25	46
41-MAT	26	75
41-MAT	27	66
41-MAT	28	20
42-MRK	1	45
42-MRK	2	28
42-MRK	3	35
42-MRK	4	41
42-MRK	5	43
42-MRK	6	56
42-MRK	7	37
42-MRK	8	38
42-MRK	9	50
42-MRK	10	52
42-MRK	11	33
42-MRK	12	44
42-MRK	13	37
42-MRK	14	72
42-MRK	15	47
42-MRK	16	20
43-LUK	1	80
43-LUK	2	52
43-LUK	3	38
43-LUK	4	44
43-LUK	5	39
43-LUK	6	49
43-LUK	7	50
43-LUK	8	56
43-LUK	9	62
43-LUK	10	42
43-LUK	11	54
43-LUK	12	59
43-LUK	13	35
43-LUK	14	35
43-LUK	15	32
43-LUK	16	31
43-LUK	17	37
43-LUK	18	43
43-LUK	19	48
43-LUK	20	47
43-LUK	21	38
43-LUK	22	71
43-LUK	23	56
43-LUK	24	53
44-JHN	1	51
44-JHN	2	25
44-JHN	3	36
44-JHN	4	54
44-JHN	5	47
44-JHN	6	71
44-JHN	7	53
44-JHN	8	59
44-JHN	9	41
44-JHN	10	42
44-JHN	11	57
44-JHN	12	50
44-JHN	13	38
44-JHN	14	31
44-JHN	15	27
44-JHN	16	33
44-JHN	17	26
44-JHN	18	40
44-JHN	19	42
44-JHN	20	31
44-JHN	21	25
45-ACT	1	26
45-ACT	2	47
45-ACT	3	26
45-ACT	4	37
45-ACT	5	42
45-ACT	6	15
45-ACT	7	60
45-ACT	8	40
45-ACT	9	43
45-ACT	10	48
45-ACT	11	30
45-ACT	12	25
45-ACT	13	52
45-ACT	14	28
45-ACT	15	41
45-ACT	16	40
45-ACT	17	34
45-ACT	18	28
45-ACT	19	41
45-ACT	20	38
45-ACT	21	40
45-ACT	22	30
45-ACT	23	35
45-ACT	24	27
45-ACT	25	27
45-ACT	26	32
45-ACT	27	44
45-ACT	28	31
46-ROM	1	32
46-ROM	2	29
46-ROM	3	31
46-ROM	4	25
46-ROM	5	21
46-ROM	6	23
46-ROM	7	25
46-ROM	8	39
46-ROM	9	33
46-ROM	10	21
46-ROM	11	36
46-ROM	12	21
46-ROM	13	14
46-ROM	14	23
46-ROM	15	33
46-ROM	16	27
47-1CO	1	31
47-1CO	2	16
47-1CO	3	23
47-1CO	4	21
47-1CO	5	13
47-1CO	6	20
47-1CO	7	40
47-1CO	8	13
47-1CO	9	27
47-1CO	10	33
47-1CO	11	34
47-1CO	12	31
47-1CO	13	13
47-1CO	14	40
47-1CO	15	58
47-1CO	16	24
48-2CO	1	24
48-2CO	2	17
48-2CO	3	18
48-2CO	4	18
48-2CO	5	21
48-2CO	6	18
48-2CO	7	16
48-2CO	8	24
48-2CO	9	15
48-2CO	10	18
48-2CO	11	33
48-2CO	12	21
48-2CO	13	14
49-GAL	1	24
49-GAL	2	21
49-GAL	3	29
49-GAL	4	31
49-GAL	5	26
49-GAL	6	18
50-EPH	1	23
50-EPH	2	22
50-EPH	3	21
50-EPH	4	32
50-EPH	5	33
50-EPH	6	24
51-PHP	1	30
51-PHP	2	30
51-PHP	3	21
51-PHP	4	23
52-COL	1	29
52-COL	2	23
52-COL	3	25
52-COL	4	18
53-1TH	1	10
53-1TH	2	20
53-1TH	3	13
53-1TH	4	18
53-1TH	5	28
54-2TH	1	12
54-2TH	2	17
54-2TH	3	18
55-1TI	1	20
55-1TI	2	15
55-1TI	3	16
55-1TI	4	16
55-1TI	5	25
55-1TI	6	21
56-2TI	1	18
56-2TI	2	26
56-2TI	3	17
56-2TI	4	22
57-TIT	1	16
57-TIT	2	15
57-TIT	3	15
58-PHM	1	25
59-HEB	1	14
59-HEB	2	18
59-HEB	3	19
59-HEB	4	16
59-HEB	5	14
59-HEB	6	20
59-HEB	7	28
59-HEB	8	13
59-HEB	9	28
59-HEB	10	39
59-HEB	11	40
59-HEB	12	29
59-HEB	13	25
60-JAS	1	27
60-JAS	2	26
60-JAS	3	18
60-JAS	4	17
60-JAS	5	20
61-1PE	1	25
61-1PE	2	25
61-1PE	3	22
61-1PE	4	19
61-1PE	5	14
62-2PE	1	21
62-2PE	2	22
62-2PE	3	18
63-1JN	1	10
63-1JN	2	29
63-1JN	3	24
63-1JN	4	21
63-1JN	5	21
64-2JN	1	13
65-3JN	1	15
66-JUD	1	25
67-REV	1	20
67-REV	2	29
67-REV	3	22
67-REV	4	11
67-REV	5	14
67-REV	6	17
67-REV	7	17
67-REV	8	13
67-REV	9	21
67-REV	10	11
67-REV	11	19
67-REV	12	18
67-REV	13	18
67-REV	14	20
67-REV	15	8
67-REV	16	21
67-REV	17	18
67-REV	18	24
67-REV	19	21
67-REV	20	15
67-REV	21	27
67-REV	22	21
